{"loss":3.222357749938965,"_step":10,"_wandb":{"runtime":7293},"_timestamp":1.737706681837825e+09,"acc_750_km":0.7046413502109705,"acc_200_km":0.48945147679324896,"_runtime":7290.424781168,"acc_2500_km":0.8565400843881856,"acc_1_km":0.08860759493670886,"acc_25_km":0.3291139240506329}